{
  "project_info": {
    "project_number": "1014004998823",
    "firebase_url": "https://worldofblood-a8a20.firebaseio.com",
    "project_id": "worldofblood-a8a20",
    "storage_bucket": "worldofblood-a8a20.appspot.com"
  },
  "client": [
    {
      "client_info": {
        "mobilesdk_app_id": "1:1014004998823:android:817bbbe33b90bead",
        "android_client_info": {
          "package_name": "com.example.ssj_recognized.worldofblood"
        }
      },
      "oauth_client": [
        {
          "client_id": "1014004998823-v0lafgb0vcpckmr375hi0b10pocaauc1.apps.googleusercontent.com",
          "client_type": 1,
          "android_info": {
            "package_name": "com.example.ssj_recognized.worldofblood",
            "certificate_hash": "9932cd56e356c8b18b6bce98385b8f751a4e93e8"
          }
        },
        {
          "client_id": "1014004998823-ob9o1548bbt6sb8qnmamg3j3t9d2fv5o.apps.googleusercontent.com",
          "client_type": 3
        }
      ],
      "api_key": [
        {
          "current_key": "AIzaSyAh5krK5K9DOwKABx16V9adk3wxKmMT1g8"
        }
      ],
      "services": {
        "analytics_service": {
          "status": 1
        },
        "appinvite_service": {
          "status": 2,
          "other_platform_oauth_client": [
            {
              "client_id": "1014004998823-ob9o1548bbt6sb8qnmamg3j3t9d2fv5o.apps.googleusercontent.com",
              "client_type": 3
            }
          ]
        },
        "ads_service": {
          "status": 2
        }
      }
    }
  ],
  "configuration_version": "1"
}